Portfolio,Alpha_Original,Alpha_Extended,Alpha_Difference,Sig_Original,Sig_Extended
SMALL LoBM,-0.0036769108109037,-0.0057948963101282,-0.0021179854992245,True,True
ME1 BM2,-0.0009665259191545,0.0008033742650039,0.0017699001841584,False,False
ME1 BM3,-0.0004986155850389,2.225229169125381e-05,0.0005208678767301538,False,False
ME1 BM4,0.0006084729667977,0.0019706753730997,0.0013622024063019997,False,True
SMALL HiBM,0.000584051287217,0.0030168413852274,0.0024327900980104,False,True
ME2 BM1,-0.0013956903410345,-0.0017881120538826,-0.0003924217128481,False,False
ME2 BM2,-0.0003150106831349,0.0008888796534767,0.0012038903366116001,False,False
ME2 BM3,0.0012906723110482,0.0002418974731784,-0.0010487748378698002,False,False
ME2 BM4,0.0014337181476749,2.0749424292990093e-05,-0.0014129687233819098,True,False
ME2 BM5,0.0006424680358353,-0.0005923771204452,-0.0012348451562804999,False,False
ME3 BM1,-0.0003684765299173,-0.0016701490734367,-0.0013016725435193999,False,False
ME3 BM2,0.0005354836546736,0.0007087091310276,0.00017322547635400002,False,False
ME3 BM3,0.0002101713282872,-0.0003465460940069,-0.0005567174222941001,False,False
ME3 BM4,0.0011737835528579,-0.0003683143628095,-0.0015420979156674,False,False
ME3 BM5,0.0005539365713711,0.0001159555571058,-0.0004379810142652999,False,False
ME4 BM1,0.0011687363776161,0.000345646560245,-0.0008230898173711,False,False
ME4 BM2,-0.0015419280548701,0.000517494716326,0.0020594227711961,False,False
ME4 BM3,4.7155904149984976e-05,-0.0004163423677913,-0.000463498271941285,False,False
ME4 BM4,0.0009723815947118,0.0002265869698733,-0.0007457946248385,False,False
ME4 BM5,0.0003733590938916,-0.0020526275446948,-0.0024259866385864,False,False
BIG LoBM,0.0019294795029539,0.0015990675446802,-0.00033041195827370005,True,True
ME5 BM2,-0.0002874749773511,0.0006441028230352,0.0009315778003863,False,False
ME5 BM3,-0.0005219677221615,0.0001247956613915,0.000646763383553,False,False
ME5 BM4,-0.0006177731172968,-0.0031195043892166,-0.0025017312719197997,False,True
BIG HiBM,-0.0017210538796859,-0.0014924662232895,0.00022858765639640006,False,False
