Portfolio,Alpha,Alpha_tstat,Beta_Mkt,Beta_SMB,Beta_HML,Adj_R_squared
SMALL LoBM,-0.005794896310128214,-4.037549532311734,1.1575267473345974,1.3983687902841277,-0.2623085325427924,0.8777464363233662
ME1 BM2,0.0008033742650039059,0.7104045002250554,0.9677506257544448,1.365728253482605,-0.013138631275340804,0.8992068763358018
ME1 BM3,2.225229169125381e-05,0.0276710000102585,0.9227716733780453,1.0550194617338755,0.29432101060357785,0.9273297291668194
ME1 BM4,0.001970675373099768,2.759374354194309,0.8650975680891212,1.0818019438014308,0.51852061792774,0.9399041039334086
SMALL HiBM,0.003016841385227424,2.604209636926693,0.9130969018893527,1.0518485995225233,0.7318271757021608,0.8655125708686048
ME2 BM1,-0.0017881120538826675,-1.8913319813774807,1.1207072794190633,1.0928481536444485,-0.2753237847780307,0.9295010080669118
ME2 BM2,0.0008888796534767323,1.1655214250579846,0.9926983749516722,0.9272966226231083,0.13943895545996599,0.9341581701164685
ME2 BM3,0.0002418974731784622,0.29816239798654093,0.9626128132931074,0.7189679033732275,0.42604588759009554,0.911796217658849
ME2 BM4,2.0749424292990093e-05,0.03092504198827008,0.9297630948902551,0.7732635788861333,0.620447656784228,0.9398208671460196
ME2 BM5,-0.0005923771204452521,-0.8493957454208875,1.0761014704267553,0.9360864609631961,0.8538240922710894,0.9536834584558121
ME3 BM1,-0.0016701490734367958,-1.9197196018241465,1.099989871567514,0.7944994679149464,-0.33585616482461106,0.9274680492218533
ME3 BM2,0.0007087091310276844,0.8424199972838705,1.0030666980676322,0.5758882326224462,0.1944956570402699,0.90144550038551
ME3 BM3,-0.00034654609400692517,-0.4065913531377853,0.9626332075346077,0.4010675073226816,0.4544626823473278,0.8844637129807655
ME3 BM4,-0.000368314362809598,-0.44259154413010915,1.0036259739380093,0.45689640498809764,0.6708543937172899,0.9046218615602123
ME3 BM5,0.00011595555710580652,0.11544229683022839,1.082496939141674,0.552109802063208,0.9165471954354776,0.8936634192890769
ME4 BM1,0.00034564656024507463,0.4127473766780884,1.0660418241593386,0.4927098827444757,-0.31198400307263185,0.9154412581169559
ME4 BM2,0.0005174947163260302,0.6115491962939642,1.016318798500662,0.21717085292594285,0.2587479447668699,0.882397018409276
ME4 BM3,-0.00041634236779132094,-0.4577401531766088,0.9984522481451366,0.13953462507794823,0.4842681360511597,0.8645381411263122
ME4 BM4,0.00022658696987335326,0.23640457416928504,1.022487633660996,0.23083574255351652,0.5701203500350001,0.8647534003038376
ME4 BM5,-0.0020526275446948847,-1.848447934963932,1.1110353950048601,0.2670584689027009,0.888806474705342,0.8635468178959014
BIG LoBM,0.001599067544680208,3.3624996240805,0.9895762953081964,-0.24367896084675866,-0.3204182293970144,0.9558211223831202
ME5 BM2,0.0006441028230352471,0.869486308232352,0.9117223033526483,-0.1799012358607353,0.13878998621116223,0.8730867742141826
ME5 BM3,0.00012479566139156904,0.14891092333784983,0.9129659916469839,-0.17237892847170624,0.36427806540781993,0.8500898369155151
ME5 BM4,-0.003119504389216692,-3.7147283244455904,1.03139579533272,-0.19439220949289632,0.712941899365173,0.8922489615780278
BIG HiBM,-0.0014924662232895362,-1.0448213342217922,1.189168534957515,-0.13171365465260737,0.8412603890393737,0.7938508742541719
