,Mean Excess Return,Standard Deviation,Sharpe Ratio
SMALL LoBM,0.003171716374269015,0.07778742911963658,0.04077415091570818
ME1 BM2,0.006630713450292405,0.0679847538187385,0.09753235950476877
ME1 BM3,0.00743486549707603,0.06295796177084853,0.11809253806749825
ME1 BM4,0.00864920175438597,0.059352058602652226,0.14572707262422518
SMALL HiBM,0.009897190058479539,0.06289862449042759,0.15735145464088443
ME2 BM1,0.003943821637426907,0.07300363850174195,0.054022261333355366
ME2 BM2,0.006434614035087727,0.0630256029077997,0.10209523968379865
ME2 BM3,0.008354897660818721,0.05746495047857976,0.1453911922178204
ME2 BM4,0.008997926900584804,0.05351936779231485,0.1681246859174758
ME2 BM5,0.009850236842105276,0.06040303094674729,0.16307520810982934
ME3 BM1,0.0043305906432748635,0.06667846828122605,0.06494736239305879
ME3 BM2,0.0064944093567251525,0.05729608062132237,0.11334823056480237
ME3 BM3,0.006798149122807028,0.052005648069965535,0.13071943865906974
ME3 BM4,0.008235576023391823,0.04932962443777189,0.16694990317189218
ME3 BM5,0.009248906432748545,0.05703976062560065,0.16214840895733773
ME4 BM1,0.004586652046783635,0.05899777029057797,0.07774280323126263
ME4 BM2,0.003658500000000009,0.05419308484285109,0.06750861314887156
ME4 BM3,0.006151672514619893,0.050909429258873894,0.12083562130187525
ME4 BM4,0.00792655263157896,0.0493790510864189,0.16052460420323994
ME4 BM5,0.0088384239766082,0.056591829415274394,0.15617844603946784
BIG LoBM,0.003692874269005857,0.04917909278558199,0.07509032924024395
ME5 BM2,0.003370859649122817,0.04723889202483382,0.07135772040018916
ME5 BM3,0.003541739766081882,0.04392359342615086,0.08063410777254919
ME5 BM4,0.005077076023391822,0.04318833683780052,0.11755664596345651
BIG HiBM,0.005285520467836266,0.04790910639312888,0.1103239209778773
