Portfolio,Alpha,Alpha_tstat,Beta,Beta_tstat,R_squared
SMALL LoBM,-0.0026463050712965527,-1.14135137769072,1.4168067034914726,28.129958722741716,0.6994593568385397
ME1 BM2,0.0015323511607480001,0.7609281300351219,1.2415550434521416,28.381173575641547,0.7031840529660431
ME1 BM3,0.0026973751711570114,1.4582466949014279,1.153675371307537,28.71126318225416,0.7079882310565762
ME1 BM4,0.004248388630597404,2.3547858700321993,1.071687616302829,27.344779715048983,0.6874244353354586
SMALL HiBM,0.0053812909808743006,2.639238445078451,1.0997133897329767,24.828512375456334,0.6445206617343135
ME2 BM1,-0.0019161775411195945,-1.095013555696722,1.4270291363307492,37.54011717637108,0.8056321400384775
ME2 BM2,0.0013821505750627593,0.9099816194713651,1.2303777437543015,37.29020420143585,0.8035317285996368
ME2 BM3,0.0037898133308074513,2.64118364821691,1.1116910003302882,35.665137621656854,0.7890821529800947
ME2 BM4,0.00476202608825129,3.5151311915738614,1.0315281100954599,35.051763197788254,0.7832498137762732
ME2 BM5,0.005218050457253557,3.0884588455899062,1.1280317171883292,30.735047518256376,0.7353350608906206
ME3 BM1,-0.0012073889816737664,-0.8981736737601956,1.3486108172404103,46.18264319624836,0.8625060753030781
ME3 BM2,0.0017468608316251522,1.490503897712213,1.1561247476389929,45.41073592954323,0.8584592419563148
ME3 BM3,0.002548274560651098,2.218618330911349,1.0349310027466028,41.478859717467735,0.834991170848859
ME3 BM4,0.0042430412210801545,3.719078311445644,0.9722635306113582,39.23025233968433,0.8190539104674837
ME3 BM5,0.004849225724458215,3.0898318181417483,1.071411850067854,31.426637766814352,0.7439052386862878
ME4 BM1,-0.0004150192630588935,-0.4064037821721672,1.2180088208246558,54.9058922142715,0.89864835659333
ME4 BM2,-0.0009508576784387638,-1.044437309217211,1.1224724622800206,56.75728178917368,0.904531631744242
ME4 BM3,0.00188445713750587,1.9528722440835042,1.0391538443271124,49.57314262579211,0.8784627599459824
ME4 BM4,0.003932706929370969,3.4331775270421105,0.9725827614320229,39.08501462939258,0.8179519088277574
ME4 BM5,0.004400007135766903,2.9759283472417244,1.0808448871886398,33.65204767978591,0.7690939463777813
BIG LoBM,-0.0004331290287702513,-0.46779529682110044,1.0047658272852675,49.95540096049469,0.880093474265907
ME5 BM2,-0.0006630511990520269,-0.8691051637665541,0.9823394403843615,59.274224426465615,0.9117670036350307
ME5 BM3,-3.394719400499779e-05,-0.03433704181917102,0.8707525921031853,40.544579874385924,0.8286171941626921
ME5 BM4,0.001628547314196267,1.540056757554298,0.8397869684882374,36.558175279721745,0.7971965621596073
BIG HiBM,0.0017169940314785458,1.1910184158167547,0.8690088587541591,27.74935727178544,0.6937010970201873
