Portfolio,CAPM Alpha (t-stat),FF3 Alpha (t-stat),CAPM R-squared,FF3 Adj. R-squared
SMALL LoBM,-0.0026 (-1.14),-0.0037 (-3.43),0.6995,0.938
ME1 BM2,0.0015 (0.76),-0.0010 (-1.23),0.7032,0.9561
ME1 BM3,0.0027 (1.46),-0.0005 (-0.75),0.708,0.9633
ME1 BM4,0.0042 (2.35),0.0006 (1.01),0.6874,0.9662
SMALL HiBM,0.0054 (2.64),0.0006 (0.88),0.6445,0.9636
ME2 BM1,-0.0019 (-1.10),-0.0014 (-1.66),0.8056,0.9566
ME2 BM2,0.0014 (0.91),-0.0003 (-0.45),0.8035,0.9605
ME2 BM3,0.0038 (2.64),0.0013 (1.95),0.7891,0.9568
ME2 BM4,0.0048 (3.52),0.0014 (2.30),0.7832,0.9558
ME2 BM5,0.0052 (3.09),0.0006 (0.95),0.7353,0.9595
ME3 BM1,-0.0012 (-0.90),-0.0004 (-0.49),0.8625,0.9583
ME3 BM2,0.0017 (1.49),0.0005 (0.73),0.8585,0.9472
ME3 BM3,0.0025 (2.22),0.0002 (0.29),0.835,0.9355
ME3 BM4,0.0042 (3.72),0.0012 (1.77),0.8191,0.9409
ME3 BM5,0.0048 (3.09),0.0006 (0.66),0.7439,0.9286
ME4 BM1,-0.0004 (-0.41),0.0012 (1.54),0.8986,0.9463
ME4 BM2,-0.0010 (-1.04),-0.0015 (-1.85),0.9045,0.9229
ME4 BM3,0.0019 (1.95),0.0000 (0.06),0.8785,0.9157
ME4 BM4,0.0039 (3.43),0.0010 (1.18),0.818,0.9084
ME4 BM5,0.0044 (2.98),0.0004 (0.37),0.7691,0.8989
BIG LoBM,-0.0004 (-0.47),0.0019 (2.86),0.8801,0.9387
ME5 BM2,-0.0007 (-0.87),-0.0003 (-0.40),0.9118,0.9228
ME5 BM3,-0.0000 (-0.03),-0.0005 (-0.58),0.8286,0.8622
ME5 BM4,0.0016 (1.54),-0.0006 (-0.83),0.7972,0.902
BIG HiBM,0.0017 (1.19),-0.0017 (-1.60),0.6937,0.8351
